tag,input_column,canonical_column,feature_name
core8,0,0,点数
core8,1,1,x代理均值
core8,2,2,y代理均值
core8,3,3,x跨度
core8,4,4,y跨度
core8,5,9,径向速度代理均值
core8,6,13,RCS代理均值
core8,7,14,RCS离散代理（跨度右移2）
proxy12,0,0,点数
proxy12,1,1,x代理均值
proxy12,2,2,y代理均值
proxy12,3,3,x跨度
proxy12,4,4,y跨度
proxy12,5,5,点距离代理最小值
proxy12,6,6,点距离代理最大值
proxy12,7,9,径向速度代理均值
proxy12,8,10,径向速度离散代理（跨度右移2）
proxy12,9,13,RCS代理均值
proxy12,10,14,RCS离散代理（跨度右移2）
proxy12,11,15,RCS最大值
distribution12,0,0,点数
distribution12,1,1,x代理均值
distribution12,2,2,y代理均值
distribution12,3,3,x跨度
distribution12,4,4,y跨度
distribution12,5,9,径向速度代理均值
distribution12,6,13,RCS代理均值
distribution12,7,14,RCS离散代理（跨度右移2）
distribution12,8,19,4Var(vr_compensated)/span(vr)^2
distribution12,9,20,4Var(RCS)/span(RCS)^2
distribution12,10,21,fraction_abs_vr_le_0.5_m_per_s
distribution12,11,22,2*(mean_RCS-min_RCS)/span_RCS-1
combined15,0,0,点数
combined15,1,1,x代理均值
combined15,2,2,y代理均值
combined15,3,3,x跨度
combined15,4,4,y跨度
combined15,5,9,径向速度代理均值
combined15,6,13,RCS代理均值
combined15,7,14,RCS离散代理（跨度右移2）
combined15,8,16,4Var(x)/span(x)^2
combined15,9,17,4Var(y)/span(y)^2
combined15,10,18,"4Cov(x,y)/(span(x)*span(y))"
combined15,11,19,4Var(vr_compensated)/span(vr)^2
combined15,12,20,4Var(RCS)/span(RCS)^2
combined15,13,21,fraction_abs_vr_le_0.5_m_per_s
combined15,14,22,2*(mean_RCS-min_RCS)/span_RCS-1
base16,0,0,点数
base16,1,1,x代理均值
base16,2,2,y代理均值
base16,3,3,x跨度
base16,4,4,y跨度
base16,5,5,点距离代理最小值
base16,6,6,点距离代理最大值
base16,7,7,代理中心距离
base16,8,8,原LUT密度代理
base16,9,9,径向速度代理均值
base16,10,10,径向速度离散代理（跨度右移2）
base16,11,11,径向速度最小值
base16,12,12,径向速度最大值
base16,13,13,RCS代理均值
base16,14,14,RCS离散代理（跨度右移2）
base16,15,15,RCS最大值
support17,0,0,点数
support17,1,1,x代理均值
support17,2,2,y代理均值
support17,3,3,x跨度
support17,4,4,y跨度
support17,5,5,点距离代理最小值
support17,6,6,点距离代理最大值
support17,7,7,代理中心距离
support17,8,8,原LUT密度代理
support17,9,9,径向速度代理均值
support17,10,10,径向速度离散代理（跨度右移2）
support17,11,11,径向速度最小值
support17,12,12,径向速度最大值
support17,13,13,RCS代理均值
support17,14,14,RCS离散代理（跨度右移2）
support17,15,15,RCS最大值
support17,16,23,inverse_retained_count
combined23,0,0,点数
combined23,1,1,x代理均值
combined23,2,2,y代理均值
combined23,3,3,x跨度
combined23,4,4,y跨度
combined23,5,5,点距离代理最小值
combined23,6,6,点距离代理最大值
combined23,7,7,代理中心距离
combined23,8,8,原LUT密度代理
combined23,9,9,径向速度代理均值
combined23,10,10,径向速度离散代理（跨度右移2）
combined23,11,11,径向速度最小值
combined23,12,12,径向速度最大值
combined23,13,13,RCS代理均值
combined23,14,14,RCS离散代理（跨度右移2）
combined23,15,15,RCS最大值
combined23,16,16,4Var(x)/span(x)^2
combined23,17,17,4Var(y)/span(y)^2
combined23,18,18,"4Cov(x,y)/(span(x)*span(y))"
combined23,19,19,4Var(vr_compensated)/span(vr)^2
combined23,20,20,4Var(RCS)/span(RCS)^2
combined23,21,21,fraction_abs_vr_le_0.5_m_per_s
combined23,22,22,2*(mean_RCS-min_RCS)/span_RCS-1
support24,0,0,点数
support24,1,1,x代理均值
support24,2,2,y代理均值
support24,3,3,x跨度
support24,4,4,y跨度
support24,5,5,点距离代理最小值
support24,6,6,点距离代理最大值
support24,7,7,代理中心距离
support24,8,8,原LUT密度代理
support24,9,9,径向速度代理均值
support24,10,10,径向速度离散代理（跨度右移2）
support24,11,11,径向速度最小值
support24,12,12,径向速度最大值
support24,13,13,RCS代理均值
support24,14,14,RCS离散代理（跨度右移2）
support24,15,15,RCS最大值
support24,16,16,4Var(x)/span(x)^2
support24,17,17,4Var(y)/span(y)^2
support24,18,18,"4Cov(x,y)/(span(x)*span(y))"
support24,19,19,4Var(vr_compensated)/span(vr)^2
support24,20,20,4Var(RCS)/span(RCS)^2
support24,21,21,fraction_abs_vr_le_0.5_m_per_s
support24,22,22,2*(mean_RCS-min_RCS)/span_RCS-1
support24,23,23,inverse_retained_count
width28,0,0,点数
width28,1,1,x代理均值
width28,2,2,y代理均值
width28,3,3,x跨度
width28,4,4,y跨度
width28,5,5,点距离代理最小值
width28,6,6,点距离代理最大值
width28,7,7,代理中心距离
width28,8,8,原LUT密度代理
width28,9,9,径向速度代理均值
width28,10,10,径向速度离散代理（跨度右移2）
width28,11,11,径向速度最小值
width28,12,12,径向速度最大值
width28,13,13,RCS代理均值
width28,14,14,RCS离散代理（跨度右移2）
width28,15,15,RCS最大值
width28,16,16,4Var(x)/span(x)^2
width28,17,17,4Var(y)/span(y)^2
width28,18,18,"4Cov(x,y)/(span(x)*span(y))"
width28,19,19,4Var(vr_compensated)/span(vr)^2
width28,20,20,4Var(RCS)/span(RCS)^2
width28,21,21,fraction_abs_vr_le_0.5_m_per_s
width28,22,22,2*(mean_RCS-min_RCS)/span_RCS-1
width28,23,23,inverse_retained_count
width28,24,24,IQR_over_range_x
width28,25,25,IQR_over_range_y
width28,26,26,IQR_over_range_vr
width28,27,27,IQR_over_range_rcs
asymmetry28,0,0,点数
asymmetry28,1,1,x代理均值
asymmetry28,2,2,y代理均值
asymmetry28,3,3,x跨度
asymmetry28,4,4,y跨度
asymmetry28,5,5,点距离代理最小值
asymmetry28,6,6,点距离代理最大值
asymmetry28,7,7,代理中心距离
asymmetry28,8,8,原LUT密度代理
asymmetry28,9,9,径向速度代理均值
asymmetry28,10,10,径向速度离散代理（跨度右移2）
asymmetry28,11,11,径向速度最小值
asymmetry28,12,12,径向速度最大值
asymmetry28,13,13,RCS代理均值
asymmetry28,14,14,RCS离散代理（跨度右移2）
asymmetry28,15,15,RCS最大值
asymmetry28,16,16,4Var(x)/span(x)^2
asymmetry28,17,17,4Var(y)/span(y)^2
asymmetry28,18,18,"4Cov(x,y)/(span(x)*span(y))"
asymmetry28,19,19,4Var(vr_compensated)/span(vr)^2
asymmetry28,20,20,4Var(RCS)/span(RCS)^2
asymmetry28,21,21,fraction_abs_vr_le_0.5_m_per_s
asymmetry28,22,22,2*(mean_RCS-min_RCS)/span_RCS-1
asymmetry28,23,23,inverse_retained_count
asymmetry28,24,28,quartile_asymmetry_x
asymmetry28,25,29,quartile_asymmetry_y
asymmetry28,26,30,quartile_asymmetry_vr
asymmetry28,27,31,quartile_asymmetry_rcs
quantile32,0,0,点数
quantile32,1,1,x代理均值
quantile32,2,2,y代理均值
quantile32,3,3,x跨度
quantile32,4,4,y跨度
quantile32,5,5,点距离代理最小值
quantile32,6,6,点距离代理最大值
quantile32,7,7,代理中心距离
quantile32,8,8,原LUT密度代理
quantile32,9,9,径向速度代理均值
quantile32,10,10,径向速度离散代理（跨度右移2）
quantile32,11,11,径向速度最小值
quantile32,12,12,径向速度最大值
quantile32,13,13,RCS代理均值
quantile32,14,14,RCS离散代理（跨度右移2）
quantile32,15,15,RCS最大值
quantile32,16,16,4Var(x)/span(x)^2
quantile32,17,17,4Var(y)/span(y)^2
quantile32,18,18,"4Cov(x,y)/(span(x)*span(y))"
quantile32,19,19,4Var(vr_compensated)/span(vr)^2
quantile32,20,20,4Var(RCS)/span(RCS)^2
quantile32,21,21,fraction_abs_vr_le_0.5_m_per_s
quantile32,22,22,2*(mean_RCS-min_RCS)/span_RCS-1
quantile32,23,23,inverse_retained_count
quantile32,24,24,IQR_over_range_x
quantile32,25,25,IQR_over_range_y
quantile32,26,26,IQR_over_range_vr
quantile32,27,27,IQR_over_range_rcs
quantile32,28,28,quartile_asymmetry_x
quantile32,29,29,quartile_asymmetry_y
quantile32,30,30,quartile_asymmetry_vr
quantile32,31,31,quartile_asymmetry_rcs
full36,0,0,点数
full36,1,1,x代理均值
full36,2,2,y代理均值
full36,3,3,x跨度
full36,4,4,y跨度
full36,5,5,点距离代理最小值
full36,6,6,点距离代理最大值
full36,7,7,代理中心距离
full36,8,8,原LUT密度代理
full36,9,9,径向速度代理均值
full36,10,10,径向速度离散代理（跨度右移2）
full36,11,11,径向速度最小值
full36,12,12,径向速度最大值
full36,13,13,RCS代理均值
full36,14,14,RCS离散代理（跨度右移2）
full36,15,15,RCS最大值
full36,16,16,4Var(x)/span(x)^2
full36,17,17,4Var(y)/span(y)^2
full36,18,18,"4Cov(x,y)/(span(x)*span(y))"
full36,19,19,4Var(vr_compensated)/span(vr)^2
full36,20,20,4Var(RCS)/span(RCS)^2
full36,21,21,fraction_abs_vr_le_0.5_m_per_s
full36,22,22,2*(mean_RCS-min_RCS)/span_RCS-1
full36,23,23,inverse_retained_count
full36,24,24,IQR_over_range_x
full36,25,25,IQR_over_range_y
full36,26,26,IQR_over_range_vr
full36,27,27,IQR_over_range_rcs
full36,28,28,quartile_asymmetry_x
full36,29,29,quartile_asymmetry_y
full36,30,30,quartile_asymmetry_vr
full36,31,31,quartile_asymmetry_rcs
full36,32,32,median_position_x
full36,33,33,median_position_y
full36,34,34,median_position_vr
full36,35,35,median_position_rcs
redundant36,0,0,点数
redundant36,1,1,x代理均值
redundant36,2,2,y代理均值
redundant36,3,3,x跨度
redundant36,4,4,y跨度
redundant36,5,5,点距离代理最小值
redundant36,6,6,点距离代理最大值
redundant36,7,7,代理中心距离
redundant36,8,8,原LUT密度代理
redundant36,9,9,径向速度代理均值
redundant36,10,10,径向速度离散代理（跨度右移2）
redundant36,11,11,径向速度最小值
redundant36,12,12,径向速度最大值
redundant36,13,13,RCS代理均值
redundant36,14,14,RCS离散代理（跨度右移2）
redundant36,15,15,RCS最大值
redundant36,16,16,4Var(x)/span(x)^2
redundant36,17,17,4Var(y)/span(y)^2
redundant36,18,18,"4Cov(x,y)/(span(x)*span(y))"
redundant36,19,19,4Var(vr_compensated)/span(vr)^2
redundant36,20,20,4Var(RCS)/span(RCS)^2
redundant36,21,21,fraction_abs_vr_le_0.5_m_per_s
redundant36,22,22,2*(mean_RCS-min_RCS)/span_RCS-1
redundant36,23,23,inverse_retained_count
redundant36,24,0,点数
redundant36,25,1,x代理均值
redundant36,26,2,y代理均值
redundant36,27,3,x跨度
redundant36,28,4,y跨度
redundant36,29,9,径向速度代理均值
redundant36,30,13,RCS代理均值
redundant36,31,14,RCS离散代理（跨度右移2）
redundant36,32,16,4Var(x)/span(x)^2
redundant36,33,19,4Var(vr_compensated)/span(vr)^2
redundant36,34,21,fraction_abs_vr_le_0.5_m_per_s
redundant36,35,23,inverse_retained_count
